0,1,2,3,4,5,6,7,8,9,10,11,12,13,14,15,16,17,18,19,20,21,22,23
subcat1,subcat2,subcat3,subcat4,subcat5,subcat6,subcat7,subcat8,subcat9,subcat10,subcat11,subcat12,subcat13,subcat14,subcat15,subcat16,subcat17,subcat18,subcat19,subcat20,subcat21,subcat22,subcat23,subcat24
subcat1,subcat2,subcat3,subcat4,subcat5,subcat6,subcat7,subcat8,subcat9,subcat10,subcat11,subcat12,subcat13,subcat14,subcat15,subcat16,subcat17,subcat18,subcat19,subcat20,subcat21,subcat22,subcat23,subcat24
subcat1,subcat2,subcat3,subcat4,subcat5,subcat6,subcat7,subcat8,subcat9,subcat10,subcat11,subcat12,subcat13,subcat14,subcat15,subcat16,subcat17,subcat18,subcat19,subcat20,subcat21,subcat22,subcat23,subcat24
subcat1,subcat2,subcat3,subcat4,subcat5,subcat6,subcat7,subcat8,subcat9,subcat10,subcat11,subcat12,subcat13,subcat14,subcat15,subcat16,subcat17,subcat18,subcat19,subcat20,subcat21,subcat22,subcat23,subcat24
subcat1,subcat2,subcat3,subcat4,subcat5,subcat6,subcat7,subcat8,subcat9,subcat10,subcat11,subcat12,subcat13,subcat14,subcat15,subcat16,subcat17,subcat18,subcat19,subcat20,subcat21,subcat22,subcat23,subcat24
subcat1,subcat2,subcat3,subcat4,subcat5,subcat6,subcat7,subcat8,subcat9,subcat10,subcat11,subcat12,subcat13,subcat14,subcat15,subcat16,subcat17,subcat18,subcat19,subcat20,subcat21,subcat22,subcat23,subcat24
subcat1,subcat2,subcat3,subcat4,subcat5,subcat6,subcat7,subcat8,subcat9,subcat10,subcat11,subcat12,subcat13,subcat14,subcat15,subcat16,subcat17,subcat18,subcat19,subcat20,subcat21,subcat22,subcat23,subcat24
subcat1,subcat2,subcat3,subcat4,subcat5,subcat6,subcat7,subcat8,subcat9,subcat10,subcat11,subcat12,subcat13,subcat14,subcat15,subcat16,subcat17,subcat18,subcat19,subcat20,subcat21,subcat22,subcat23,subcat24
subcat1,subcat2,subcat3,subcat4,subcat5,subcat6,subcat7,subcat8,subcat9,subcat10,subcat11,subcat12,subcat13,subcat14,subcat15,subcat16,subcat17,subcat18,subcat19,subcat20,subcat21,subcat22,subcat23,subcat24
subcat1,subcat2,subcat3,subcat4,subcat5,subcat6,subcat7,subcat8,subcat9,subcat10,subcat11,subcat12,subcat13,subcat14,subcat15,subcat16,subcat17,subcat18,subcat19,subcat20,subcat21,subcat22,subcat23,subcat24
subcat1,subcat2,subcat3,subcat4,subcat5,subcat6,subcat7,subcat8,subcat9,subcat10,subcat11,subcat12,subcat13,subcat14,subcat15,subcat16,subcat17,subcat18,subcat19,subcat20,subcat21,subcat22,subcat23,subcat24
subcat1,subcat2,subcat3,subcat4,subcat5,subcat6,subcat7,subcat8,subcat9,subcat10,subcat11,subcat12,subcat13,subcat14,subcat15,subcat16,subcat17,subcat18,subcat19,subcat20,subcat21,subcat22,subcat23,subcat24
subcat1,subcat2,subcat3,subcat4,subcat5,subcat6,subcat7,subcat8,subcat9,subcat10,subcat11,subcat12,subcat13,subcat14,subcat15,subcat16,subcat17,subcat18,subcat19,subcat20,subcat21,subcat22,subcat23,subcat24
subcat1,subcat2,subcat3,subcat4,subcat5,subcat6,subcat7,subcat8,subcat9,subcat10,subcat11,subcat12,subcat13,subcat14,subcat15,subcat16,subcat17,subcat18,subcat19,subcat20,subcat21,subcat22,subcat23,subcat24
subcat1,subcat2,subcat3,subcat4,subcat5,subcat6,subcat7,subcat8,subcat9,subcat10,subcat11,subcat12,subcat13,subcat14,subcat15,subcat16,subcat17,subcat18,subcat19,subcat20,subcat21,subcat22,subcat23,subcat24
subcat1,subcat2,subcat3,subcat4,subcat5,subcat6,subcat7,subcat8,subcat9,subcat10,subcat11,subcat12,subcat13,subcat14,subcat15,subcat16,subcat17,subcat18,subcat19,subcat20,subcat21,subcat22,subcat23,subcat24
subcat1,subcat2,subcat3,subcat4,subcat5,subcat6,subcat7,subcat8,subcat9,subcat10,subcat11,subcat12,subcat13,subcat14,subcat15,subcat16,subcat17,subcat18,subcat19,subcat20,subcat21,subcat22,subcat23,subcat24
subcat1,subcat2,subcat3,subcat4,subcat5,subcat6,subcat7,subcat8,subcat9,subcat10,subcat11,subcat12,subcat13,subcat14,subcat15,subcat16,subcat17,subcat18,subcat19,subcat20,subcat21,subcat22,subcat23,subcat24
subcat1,subcat2,subcat3,subcat4,subcat5,subcat6,subcat7,subcat8,subcat9,subcat10,subcat11,subcat12,subcat13,subcat14,subcat15,subcat16,subcat17,subcat18,subcat19,subcat20,subcat21,subcat22,subcat23,subcat24
subcat1,subcat2,subcat3,subcat4,subcat5,subcat6,subcat7,subcat8,subcat9,subcat10,subcat11,subcat12,subcat13,subcat14,subcat15,subcat16,subcat17,subcat18,subcat19,subcat20,subcat21,subcat22,subcat23,subcat24
subcat1,subcat2,subcat3,subcat4,subcat5,subcat6,subcat7,subcat8,subcat9,subcat10,subcat11,subcat12,subcat13,subcat14,subcat15,subcat16,subcat17,subcat18,subcat19,subcat20,subcat21,subcat22,subcat23,subcat24
subcat1,subcat2,subcat3,subcat4,subcat5,subcat6,subcat7,subcat8,subcat9,subcat10,subcat11,subcat12,subcat13,subcat14,subcat15,subcat16,subcat17,subcat18,subcat19,subcat20,subcat21,subcat22,subcat23,subcat24
subcat1,subcat2,subcat3,subcat4,subcat5,subcat6,subcat7,subcat8,subcat9,subcat10,subcat11,subcat12,subcat13,subcat14,subcat15,subcat16,subcat17,subcat18,subcat19,subcat20,subcat21,subcat22,subcat23,subcat24
subcat1,subcat2,subcat3,subcat4,subcat5,subcat6,subcat7,subcat8,subcat9,subcat10,subcat11,subcat12,subcat13,subcat14,subcat15,subcat16,subcat17,subcat18,subcat19,subcat20,subcat21,subcat22,subcat23,subcat24
